path,dimensions,bytes,sha256
MAPPING_expected-source-output.csv,,35762,4a905bf1b11fd75ddd46b4cf1bb163c499673904c0e42bc2e428ca98a8f5130b
README.md,,3005,6ce2b34b6463b59f27d256433ce490cfe6c4e2dbfa9a07e0e579c5fcb9ffbdeb
render-report.json,,140916,47c8e7d8b20798df0d2ac661d453dbc8a7fce8832384c736631ec6b06304f175
validation.json,,37593,a15b6c8feb3ffe4435b623c53e173b055f221d861f659c0590d9a1994c28d4c5
contact-sheets/01_Meta_Brand-Season__MOF_Feed_1x1.png,1270x1500,1546335,2c0b5a52f7018f05cadd1a9d11244bf01d731317a101682bf4619b8891a80bb2
contact-sheets/01_Meta_Brand-Season__MOF_Feed_4x5.png,1270x1800,1945745,019350d9fdb5f0d8bd18bdc0ffe0a905cf301e16a16294f6f566d0d50a8ba973
contact-sheets/01_Meta_Brand-Season__MOF_Stories_9x16.png,1270x671,716749,2ab2a09f3feadbd0ed8bbb7a7f207f5b8e0225444d4f1cf09c97563ec2d127a9
contact-sheets/01_Meta_Brand-Season__TOF_Feed.png,1270x1725,2586274,323a33ee020c4e7d3534988a2585ebf119493d6eaa612e950025b5deaa3c4a66
contact-sheets/01_Meta_Brand-Season__TOF_Stories_9x16.png,1270x671,976592,5142ef8442dc8c09ace7348b9f379c3218b1de0b84565a369c87c76809df27f0
contact-sheets/02_Meta_14-Day-Tour__MOF.png,1270x1500,1755989,1af5fcd9aaf7052c6b8ec42a15516d9596a03f9f6241d2cd9dd74bf36e12363c
contact-sheets/02_Meta_14-Day-Tour__TOF_v1.png,1270x1500,2231435,905cb1fa8a2ee3d0fe0eb64ac4e568196067b36e94676f40fa7c547161409f23
contact-sheets/02_Meta_14-Day-Tour__TOF_v2.png,1270x1500,1866389,f6acecf0e6015f5ad1125ee471ea9bda9f3bf353011c6f4217615638fc385085
contact-sheets/03_Google_PMax__01_Journeys_Asset_Group.png,1270x1078,1610295,1ec54fcda3c1954105a89944f3b36095a0874194f8624d0e4787fc6eefab1964
contact-sheets/03_Google_PMax__02_Brand_Homepage_Asset_Group.png,1270x1078,1230171,e3f8e7becc5b97c64f1daea328217a6cf82d73c2e9e208fa03df544a610fbaf7
contact-sheets/03_Google_PMax__03_Logos.png,1270x438,105087,c9976b7f1ed408fda36774c435f9bc2fba7ad0ed6284f73c514ec7df7a6b3bb9
contact-sheets/04_Canvas_Only_Not_In_Exporter__01_Brand_TOF_Feed_extra.png,1270x438,199760,b872487b7aa58a88de9f7a907ba4b42e716389419b1dc07ae420a573676f02cb
contact-sheets/04_Canvas_Only_Not_In_Exporter__02_Brand_MOF_v1_HISTORICAL.png,1270x942,716743,27422915fa69b3a8020e5296c0228c6ed6c866b2d100849fcd2a3ab8563353f2
contact-sheets/04_Canvas_Only_Not_In_Exporter__03_Brand_MOF_v2_HISTORICAL.png,1270x942,714153,1eb294ce89d62203555e24963c5b2d28c60b953f5f247dd94e7a95dab6c9c8b4
contact-sheets/INDEX.txt,,1719,039d678778997ce35190451cc3fe3cebed4c0c5f8b6824e6a41596aa488f724a
font-comparison/MOFv3_font_comparison.png,1060x1778,1014138,e47f7566138c1838870b875bf9c7c04c6e8886d5122e1fa6c46a1c5e3ef6937f
font-comparison/as-supplied-html_DM-Sans-fallback/export-report.json,,2709,b4d2c8164b4cda42e048fe2f05ad6bd90820a1975c85884ddc4e9776a2dde6f5
font-comparison/as-supplied-html_DM-Sans-fallback/01_Meta_Brand-Season/MOF_Feed_1x1/1a-inclusions-editorial.png,1080x1080,536064,060758001a6244127f889462101ca8398feaeb7649dbe784ce37182018185f19
font-comparison/as-supplied-html_DM-Sans-fallback/01_Meta_Brand-Season/MOF_Feed_1x1/7d-by-rail-poster.png,1080x1080,946567,b5b312a342fd7ea0e295a2703fc65e3101224b289ed5f8131db421d85170324a
font-comparison/as-supplied-html_DM-Sans-fallback/01_Meta_Brand-Season/MOF_Feed_1x1/7e-by-rail-motif.png,1080x1080,1306690,0664f62a5dc494d5fc9ba64e35954734438e3ee3a1ebbe37189d8f96508e2ed4
creatives/02_Meta_14-Day-Tour/TOF_v2/01-14-type-poster-1-1.png,1080x1080,720239,0d41c51e2480c6fca8ac7e34acddd05c6673fa8998d458f6592fbc9bd6834610
creatives/02_Meta_14-Day-Tour/TOF_v2/02-one-ticket-six-railways-1-1.png,1080x1080,345845,049f00cb58ef07880ed756f3a8e83ef6aa8a9cc1af2b1b4b30cb980ab773a773
creatives/02_Meta_14-Day-Tour/TOF_v2/03-editorial-taieri-1-1.png,1080x1080,944974,4867bb33d5e3cea9acc4689b6c0840de795ae18a68fa26db7ed79eb67680f0b4
creatives/02_Meta_14-Day-Tour/TOF_v2/04-split-steam-day-five-1-1.png,1080x1080,774436,dc1919b72ec4b2d1b1dcd7cf25fb210593ef8e4e51978ddcd5dd695bf211e3fb
creatives/02_Meta_14-Day-Tour/TOF_v2/05-choose-your-season-1-1.png,1080x1080,1047164,5af83cd812159685dc94db5318a5d93f6419e78f12f3702a40e11ea888fe1b87
creatives/02_Meta_14-Day-Tour/TOF_v2/06-minimal-window-seat-1-1.png,1080x1080,1371887,9955529bd54bb9ad038dd90bc6942dfbc6f1f3d83ebe4abf012847e8cc35979e
creatives/02_Meta_14-Day-Tour/TOF_v2/07-evening-with-the-hillarys-1-1.png,1080x1080,1753862,a9bf3fdef1d74eceabc45ed629ba7d0d31183de718f60e6cdfec92f8ae04701e
creatives/02_Meta_14-Day-Tour/TOF_v2/08-alps-to-pacific-stack-1-1.png,1080x1080,1445059,5d95d1f86445f046069049502b4c596b30dacef8a0ffa32934fc125454e8634e
creatives/02_Meta_14-Day-Tour/TOF_v2/09-numbers-band-1-1.png,1080x1080,570950,e7e6425f4922139572007f92a589c9a73304c69b0183b5abef1ac10d39f665c8
creatives/02_Meta_14-Day-Tour/TOF_v2/10-hillary-quote-taieri-1-1.png,1080x1080,1739234,cbdf1afeda09b98de8d426351dcad01d0aaa6a1130480902671fd45ab5965b9b
creatives/02_Meta_14-Day-Tour/TOF_v2/11-award-poster-1-1.png,1080x1080,674083,4df9272dfcef5fb3687792fd3822088f8ddcc2b89111b4f74639c8b594bca682
creatives/02_Meta_14-Day-Tour/TOF_v2/12-begins-in-christchurch-1-1.png,1080x1080,1366077,770f8c5b562b626b7e00666ac62f74c673f3b7e04c3a87354cf05f41cd9ec0fe
creatives/02_Meta_14-Day-Tour/TOF_v2/13-minimal-taieri-1-1.png,1080x1080,2667384,8fefdb84e99edcf257199d1370f83fd789e52ac487f33f1813d23a8ee4cf93cf
creatives/02_Meta_14-Day-Tour/TOF_v2/14-minimal-mainlander-1-1.png,1080x1080,2079894,32c7b8c247ed4cf6905d8abddc5f8b87938f4c198fcc609239163e2b6017945a
creatives/02_Meta_14-Day-Tour/TOF_v2/15-minimal-coastal-1-1.png,1080x1080,1247908,06fb566a70ed23f35f5bc925ab0200b815e00a6e216aba1fce1a594f86a260d9
creatives/02_Meta_14-Day-Tour/TOF_v1/01-hero-super-6-1-1.png,1080x1080,1984023,ce2f178725220085d228e1f95f697a1b45a86c822085a38432a51007e2280073
creatives/02_Meta_14-Day-Tour/TOF_v1/02-super-6-grid-1-1.png,1080x1080,998713,af75a406b0d059e0fce00c823f0f272c17e757fa291c49fa53b43a81fd03017f
creatives/02_Meta_14-Day-Tour/TOF_v1/03-stat-split-1-1.png,1080x1080,1701990,1c5413c06d7af525baf0ccf09d06ceccf08854205c8f67db992188e5e513aba0
creatives/02_Meta_14-Day-Tour/TOF_v1/04-hillary-heritage-1-1.png,1080x1080,1819194,301cf2851d461e01e6a15a46951eef82f3125a8cd4d5642f89c39a1f1e5dd7f1
creatives/02_Meta_14-Day-Tour/TOF_v1/05-coastal-pacific-1-1.png,1080x1080,1172168,b0b2fc802b8e06aee362e7b53c70c5279e8056e774ebb5a690daeccc358f5067
creatives/02_Meta_14-Day-Tour/TOF_v1/06-tranzalpine-1-1.png,1080x1080,1831458,9062bf9a8bc9017be883b12a2c723f1e3329ae81c6e962a74dc5f57866919a12
creatives/02_Meta_14-Day-Tour/TOF_v1/07-departures-1-1.png,1080x1080,1390892,e31ae733c6c06226a0f9817bf185ca02a70b13773197f04f02aa86efc329bb14
creatives/02_Meta_14-Day-Tour/TOF_v1/08-brand-quote-1-1.png,1080x1080,1425898,99b2a55736c321e055451d7df00a2de9722d235e63dc7048d9ebd9790bb972b0
creatives/02_Meta_14-Day-Tour/TOF_v1/09-the-mainlander-1-1.png,1080x1080,1940288,b2bb56e12734a804324d1e5cdc1408e71668de897f151c477a5f462e764ad4ea
creatives/02_Meta_14-Day-Tour/TOF_v1/10-taieri-gorge-1-1.png,1080x1080,2167960,a901498ef88a02ebc3f7b10b990b5a8da95b82fbe2aef264409144e1fc53a52e
creatives/02_Meta_14-Day-Tour/TOF_v1/11-kingston-flyer-1-1.png,1080x1080,1272212,e30812500948ef149bb845a1978accb2d02688daf30deb144943ac29c2303547
creatives/02_Meta_14-Day-Tour/TOF_v1/12-aoraki-hero-1-1.png,1080x1080,1670239,e6b7845ec34152c4bdf47c72a14d570b770d0cbfec98339de57374b567939566
creatives/02_Meta_14-Day-Tour/TOF_v1/13-award-winning-1-1.png,1080x1080,1417635,da8ae6e105cd6b9aafd5d1501d9bf863eb3280a441ed609d281f5a2895a16079
creatives/02_Meta_14-Day-Tour/TOF_v1/14-walter-peak-1-1.png,1080x1080,1917623,91003171cdf2656c2a5374627701a24c23225702e6a842826681b50b26e2a340
creatives/02_Meta_14-Day-Tour/TOF_v1/15-hero-1-1.png,1080x1080,1983836,1da9b5eeca4393e188dacc9e6a824d58a3f90f9292994a9b5d8ffbe01a061e29
creatives/02_Meta_14-Day-Tour/MOF/01-inclusions-1-1.png,1080x1080,131510,3750b99cdaeef03aa633612f4efc4f105be2f8fcedf6290d576ce689b9bd0b95
creatives/02_Meta_14-Day-Tour/MOF/02-price-value-1-1.png,1080x1080,1136567,0ebd9b10342bf09cb65e0f8fcabdc69847ca5804198b20b5e8b0d90f414e6b0d
creatives/02_Meta_14-Day-Tour/MOF/03-deposit-confidence-1-1.png,1080x1080,760898,2d60dc6e3f01461abc92f9d3b4e427c18b6c8d13b2ddbe7046b2cf1358086f60
creatives/02_Meta_14-Day-Tour/MOF/04-brochure-1-1.png,1080x1080,371338,c902fd0c53df4a72b24e07faea21e54cdb2e68b45f48a095a01e94b2e877a21d
creatives/02_Meta_14-Day-Tour/MOF/05-departures-1-1.png,1080x1080,1390892,e31ae733c6c06226a0f9817bf185ca02a70b13773197f04f02aa86efc329bb14
creatives/02_Meta_14-Day-Tour/MOF/06-why-guided-1-1.png,1080x1080,1278290,8bd389419fe8658ca383c5672dd0a301ed74c85e02be09551b1b47f3d7ee38b3
creatives/02_Meta_14-Day-Tour/MOF/07-guest-review-1-1.png,1080x1080,1331477,274669203cd94bb90e5167490522e2d95e29fbe4db83054a92886033f34c9200
creatives/02_Meta_14-Day-Tour/MOF/08-super-6-included-1-1.png,1080x1080,998713,af75a406b0d059e0fce00c823f0f272c17e757fa291c49fa53b43a81fd03017f
creatives/02_Meta_14-Day-Tour/MOF/09-route-map-1-1.png,1080x1080,171718,6a0d3e3171da34bc0b4b8ec453717717d0b35ffc09380fa1bc3ba37893201f70
creatives/02_Meta_14-Day-Tour/MOF/10-expert-led-1-1.png,1080x1080,1169752,b839a4275b25b993891dc28c864975bd8e66093a24c61593592d61dc76ee143a
creatives/02_Meta_14-Day-Tour/MOF/11-still-considering-1-1.png,1080x1080,1299038,2b457373044f9699563119bee59f2883fac3212dbd42f6d50483cfdd1ec2fc56
creatives/02_Meta_14-Day-Tour/MOF/12-accommodation-1-1.png,1080x1080,1937091,ed7d6d8292d9ae4149f2e98c7c114081989735cb64d0ad46df2944d66fddf8c4
creatives/02_Meta_14-Day-Tour/MOF/13-value-price-1-1.png,1080x1080,1136567,0ebd9b10342bf09cb65e0f8fcabdc69847ca5804198b20b5e8b0d90f414e6b0d
creatives/02_Meta_14-Day-Tour/MOF/14-brand-quote-1-1.png,1080x1080,1425898,99b2a55736c321e055451d7df00a2de9722d235e63dc7048d9ebd9790bb972b0
creatives/02_Meta_14-Day-Tour/MOF/15-this-time-next-year-1-1.png,1080x1080,1990376,f8c2c71efc077a92d6562c545ca0ecfd7bc3eaccf175079f8dbea985e7519b9b
creatives/03_Google_PMax/01_Journeys_Asset_Group/L1-tranzalpine-viaduct.png,1200x628,1411865,2632d3d779634784230ac2e03093c3869d391a6442a8b273572587eae70af591
creatives/03_Google_PMax/01_Journeys_Asset_Group/L2-coastal-pacific.png,1200x628,894863,f7598cc27f44595edb7ea038b575a58a0f836c484c15be41762d77686f34f531
creatives/03_Google_PMax/01_Journeys_Asset_Group/L3-seasons-split.png,1200x628,1223181,2d1d58477f84b690487b658003f77bf3f3fc0968aae76f0b88687b5c6ab62d0b
creatives/03_Google_PMax/01_Journeys_Asset_Group/L4-taieri-aerial-clean.png,1200x628,1363666,f203ba0734ea346c071b613cf58f467451e38d239d4835dcef08db86184823d6
creatives/03_Google_PMax/01_Journeys_Asset_Group/P1-taieri-gorge.png,960x1200,2597869,00b6a0bb1be438cd1eba560be46d5c1d290b2c9b3a5a742cf964ccb6c7ce030f
creatives/03_Google_PMax/01_Journeys_Asset_Group/P2-mainlander.png,960x1200,2005614,68e1686060a0c99d4bd48891c08becaeb95076405f6d1244aec65aa1c17a4596
creatives/03_Google_PMax/01_Journeys_Asset_Group/P3-coastal-clean.png,960x1200,1166092,36a100ccf1208f35d348165d8bb502b3a4e9ed360da3b89c8622b40de0516d01
creatives/03_Google_PMax/01_Journeys_Asset_Group/S1-rail-and-coach.png,1200x1200,2502421,313e76c63d2da569b033ef26c0ce15f25e0d268c099630cedd958d31b2df7be3
creatives/03_Google_PMax/01_Journeys_Asset_Group/S2-winter-journeys.png,1200x1200,1838663,bb0f8def11bdb0cb27165f5e5586f94d9b564309c965af832090c802d4f06aca
creatives/03_Google_PMax/01_Journeys_Asset_Group/S3-heritage-steam.png,1200x1200,1534181,5f59470f5bd4f1fbb7b3fe83e27494b91bcc86a9b52d8a0474f5ee391411d05f
creatives/03_Google_PMax/01_Journeys_Asset_Group/S4-alpine-clean.png,1200x1200,2371010,52086f3ba77cc4b687f7e437a2c8a69aa3ad2518ff9398803d4c19f9d3caa938
creatives/03_Google_PMax/02_Brand_Homepage_Asset_Group/L1-aoraki-heritage.png,1200x628,1352946,224d9b5ba5f124cf438be75f4684f813140d4a19cf3364490b0f5dbf2e2af900
creatives/03_Google_PMax/02_Brand_Homepage_Asset_Group/L2-real-guests.png,1200x628,1007869,90937bf1bca2b72fd3f502e0057591e6b7902af1297be14ba4f7e940b6c69ec7
creatives/03_Google_PMax/02_Brand_Homepage_Asset_Group/L3-earnslaw-calm.png,1200x628,986008,fc5966b2728635aa56b6a2865e09132614fa6dce92617655d7ec5cb4cafcd6de
creatives/03_Google_PMax/02_Brand_Homepage_Asset_Group/L4-awards-card.png,1200x628,102906,a755a2c449d345a86f566e7179f59f169bb5e5ac5a385c70e36f724e827dfd7d
creatives/03_Google_PMax/02_Brand_Homepage_Asset_Group/P1-heritage.png,960x1200,2114375,0a145cb949547c882b000297877b916955e9064d3630461384a67ec68029d06f
creatives/03_Google_PMax/02_Brand_Homepage_Asset_Group/P2-guests.png,960x1200,1569654,b7d4c8b9c9a118ed75834bf5fda05306ba1834e9e772c38de2b3ad7a75b7386e
creatives/03_Google_PMax/02_Brand_Homepage_Asset_Group/P3-hero-clean.png,960x1200,2057434,575945ee626d08f5dc0ea28eb9ca2e2442f63dbe4f5dcf22adb605c52537e409
creatives/03_Google_PMax/02_Brand_Homepage_Asset_Group/S1-awards-card.png,1200x1200,142738,045b04db7b391bf48ba898ef2a4ac62b2cfed7b60732461cc1cf8e6cc516c9a7
creatives/03_Google_PMax/02_Brand_Homepage_Asset_Group/S2-trustpilot-review.png,1200x1200,76930,8124c2a9e75cea9075f07269bf5cda963e3f333f420a8da39cb84048b129109a
creatives/03_Google_PMax/02_Brand_Homepage_Asset_Group/S3-aoraki-hero.png,1200x1200,2102827,a0e9c16b95dd74e69d5d3f82f43e7fc4614dc57470ed736da9660264e443f401
creatives/03_Google_PMax/02_Brand_Homepage_Asset_Group/S4-guests-window.png,1200x1200,1639607,2fc64f954e84f56e2e114ab5801b577d0d5c2ff5e3e1cae2e90f9ee6a925146f
creatives/03_Google_PMax/03_Logos/logo-landscape-4x1.png,1200x300,54481,88f5d156a66fb350b66e550f168f75e7a006160ac9892c027834a9ffad73cb75
creatives/03_Google_PMax/03_Logos/logo-square-navy-on-white.png,1200x1200,186060,ad6f6f3a22b44a9574c0a60bc8ab57b8bfc398a5b24881b0b8bc5ccc59375d5f
creatives/03_Google_PMax/03_Logos/logo-square-white-on-navy.png,1200x1200,216885,d68623b364ad50e0367d24b94faccd7b16ed7c4df55086e216e0ca26d666a70d
creatives/04_Canvas_Only_Not_In_Exporter/03_Brand_MOF_v2_HISTORICAL/mof2-01-inclusions.png,1080x1080,650590,e9bcc93a92339e93b2c7cecf0fbd7cc9fa619e0a7ea65a8134e60fefb62ce08c
creatives/04_Canvas_Only_Not_In_Exporter/03_Brand_MOF_v2_HISTORICAL/mof2-02-booking-confidence.png,1080x1080,1595558,9c9b84dc0367abd344443141fa3daa15cff9f6fd11599ecb710e38b6edc7c2a5
creatives/04_Canvas_Only_Not_In_Exporter/03_Brand_MOF_v2_HISTORICAL/mof2-03-brochure.png,1080x1350,497669,5e8abee557b20da0be3d5058c210ef5a4b0f82543d37333e0b97a06c5c4acc76
creatives/04_Canvas_Only_Not_In_Exporter/03_Brand_MOF_v2_HISTORICAL/mof2-04-need-help-choosing.png,1080x1080,1132230,d1c3d6bdafae52d1bad342f12b15f3a8fd34825c0b733d5237fb3843b221ff19
creatives/04_Canvas_Only_Not_In_Exporter/03_Brand_MOF_v2_HISTORICAL/mof2-05-arrive-without-a-bag.png,1080x1080,926811,72f932c26f1c6ab03e5122dcf6ecf821bfa5f2a8ded4a93f207f64e9f5528ffb
creatives/04_Canvas_Only_Not_In_Exporter/03_Brand_MOF_v2_HISTORICAL/mof2-06-value-and-proof.png,1080x1350,1338674,940fc74c11ef754ac8a9050bf05511aaa22a5f52a69bd8751cf8daa081aaafe4
creatives/04_Canvas_Only_Not_In_Exporter/01_Brand_TOF_Feed_extra/14-sail-steam-and-steel.png,1080x1080,1982112,52ee9ebde99ffec4a5d5d781bcab37dcc26b23e7c35a4b944ad3b0f50b48a975
creatives/04_Canvas_Only_Not_In_Exporter/02_Brand_MOF_v1_HISTORICAL/mof-01-inclusions.png,1080x1080,748251,61f73449185462ae2e00f24c8111785bc3e409e864b5c9193d6eea2034cd2940
creatives/04_Canvas_Only_Not_In_Exporter/02_Brand_MOF_v1_HISTORICAL/mof-02-booking-confidence.png,1080x1080,1509088,687a62b043a8c7e0a2c2f3941bcb15f077e1c333ea21d904fca49b70662c4434
creatives/04_Canvas_Only_Not_In_Exporter/02_Brand_MOF_v1_HISTORICAL/mof-03-brochure.png,1080x1350,491503,8f1cdb840bec93a269f2f9820f558abebc3a8cb2eb3bb2f4489211ead02c1aa1
creatives/04_Canvas_Only_Not_In_Exporter/02_Brand_MOF_v1_HISTORICAL/mof-04-still-considering.png,1080x1080,1174879,47eff244017f78d5b9b0eb9c0a53dbcd48df704ec8da001719bb24c8f914fa5b
creatives/04_Canvas_Only_Not_In_Exporter/02_Brand_MOF_v1_HISTORICAL/mof-05-why-guided.png,1080x1080,849601,ce68145e6d3d4108e9ae796fd8bb16e77a422a3143adb1def0ea094dfdbbcbfe
creatives/04_Canvas_Only_Not_In_Exporter/02_Brand_MOF_v1_HISTORICAL/mof-06-guest-review.png,1080x1350,1402021,36f292fc247171e2d405e0bd66499b985359445ac1edb34ab62ef9253dd855b7
creatives/01_Meta_Brand-Season/MOF_Stories_9x16/10-this-time-next-year-916.png,1080x1920,2547530,f0006f24196aab4eac32f803b8501b731609565724f8cc641bb13d58cf99dd49
creatives/01_Meta_Brand-Season/MOF_Stories_9x16/4-still-considering-916.png,1080x1920,1772511,e5e2934842a96cc1826cdc3585a59dea7d111de758a1ca3b6e9071555452bb02
creatives/01_Meta_Brand-Season/MOF_Stories_9x16/8-journey-destination-916.png,1080x1920,1839755,3c48ad4863ddd3f1f1d25be566024d9398c1570d345103f3afbbbf68bb3429ef
creatives/01_Meta_Brand-Season/TOF_Feed/01-best-scenic-rail.png,1080x1080,1968732,35c15ca1e8aaef07c25ad09837ff13199c5858bc6e44677e4c55a49f87f092f8
creatives/01_Meta_Brand-Season/TOF_Feed/02-super-6.png,1080x1080,1134005,13dc19f70be10b610f63e2e5a7438e01983767187ec87d83ad7dc1c2fc712568
creatives/01_Meta_Brand-Season/TOF_Feed/03-winter-brand-intro.png,1080x1080,1529702,42b9f6dd111599534f676c59b5afb956fb879c9b778e37d0f6b0d4a0e00db33b
creatives/01_Meta_Brand-Season/TOF_Feed/04-four-time-award-winning.png,1080x1080,1641515,a5e7cf1433c081f6251d1414166c45ee5ead40d82d441a1c4456ab2b25521b54
creatives/01_Meta_Brand-Season/TOF_Feed/05-pinnacle-peter-hillary.png,1080x1350,2347257,1c365b1e681d4b2d6a2d504bd69b779cf5c2021ac4725cbe372d85985cb651e6
creatives/01_Meta_Brand-Season/TOF_Feed/06-we-dont-miss-a-thing.png,1080x1350,1424542,b5ea2efad9dae619da5d709e94c1cbcb73582346fe2753e575b22c77244c128d
creatives/01_Meta_Brand-Season/TOF_Feed/07-winter-mood.png,1080x1350,1525692,35a2a24575332f1281f91696f3fb0aec4e240fed137b5b8b1f213a018f65abd2
creatives/01_Meta_Brand-Season/TOF_Feed/08-voted-leading-tour-operator.png,1080x1350,1461142,170b10559797975ef466707a30aa1396f58530c5ee5e79f82cfb0e281e08c47e
creatives/01_Meta_Brand-Season/TOF_Feed/09-past-guests.png,1080x1080,1379519,ba6a4f2b66614614b2557880bb6e9749f45ad659cd7336e22f4bb2c0962d9c27
creatives/01_Meta_Brand-Season/TOF_Feed/10-heritage-steam.png,1080x1080,920065,484610fd66d80d2c003f30b523cb46325d1c860ff1183721ff92e6ed81c009fe
creatives/01_Meta_Brand-Season/TOF_Feed/11-brand-mood-taieri-aerial.png,1080x1350,2800122,ff39b2975897ed46f2c0eae8d8343c010c2474d45206c4cbd07f417d5d40db43
creatives/01_Meta_Brand-Season/TOF_Feed/12-coastal-alpenglow.png,1080x1350,1431638,85bbcb89e6cb088a3c1b72faf359abf527ae1887769955933e3a6c322fb5d104
creatives/01_Meta_Brand-Season/TOF_Feed/13-same-island-worlds-apart.png,1080x1350,1419657,b2d502e29586756acf728d9f2b2de2ab4be0c6e99940ea0bc93cbd35e4b69baf
creatives/01_Meta_Brand-Season/TOF_Feed/14-taieri-gorge.png,1080x1350,2582530,882b20cf3e5b39ededfac82f371c4ddd8089921016670278394cf6227f14a465
creatives/01_Meta_Brand-Season/TOF_Feed/15-lakeside-sunset.png,1080x1080,1300991,d4c642bab5447c1618a4c74c9b120ac7b96dcfd8c12df76277641706c8732357
creatives/01_Meta_Brand-Season/TOF_Feed/16-christchurch-to-queenstown.png,1080x1350,2430070,c9829d4e799a36d6702d1d3ceca2b6afda2bde7878d9d3e20696ed2ad80f6d96
creatives/01_Meta_Brand-Season/TOF_Stories_9x16/01-best-scenic-rail-916.png,1080x1920,2958865,ab79bf4398eed80723c507825f9a2369022442e71209ac6fb9127a668ba1c33f
creatives/01_Meta_Brand-Season/TOF_Stories_9x16/02-super-6-916.png,1080x1920,2194965,b5ea9d4df6c8e7500fd4e875b14fd5f0c1eafed4339508f46ed67fc3466779a1
creatives/01_Meta_Brand-Season/TOF_Stories_9x16/04-award-winning-916.png,1080x1920,3037622,465df0064524979a6b404bc4feff69b83048e88a668d47728c9c9b297fa325fc
creatives/01_Meta_Brand-Season/TOF_Stories_9x16/09-past-guests-916.png,1080x1920,2411053,e03651783f4d02d958ac0815add6656818abd06c179b57521e124b5212e13946
creatives/01_Meta_Brand-Season/MOF_Feed_4x5/10c-this-time-next-year.png,1080x1350,2021558,e3979b91053cea2b5dd66ef10ad6e16295eb0ae9eb6c14eba49f32796b870fb6
creatives/01_Meta_Brand-Season/MOF_Feed_4x5/1a-inclusions-editorial.png,1080x1350,795929,fde56383a18fa1b17e0afcde80477b645f2beefe4a5ba2dc1490b53092815e81
creatives/01_Meta_Brand-Season/MOF_Feed_4x5/1b-inclusions-split.png,1080x1350,1003410,cae028f04d0078b447d92a8e15a979e53dad720a454ce9bcb4702468edc478b3
creatives/01_Meta_Brand-Season/MOF_Feed_4x5/2b-booking-split.png,1080x1350,1958062,3407a259546959959e291b23c9ba874ecf0ea81b419fe98cebdbfbaa206d7e28
creatives/01_Meta_Brand-Season/MOF_Feed_4x5/3a-brochure-editorial.png,1080x1350,937520,d3c376f83aad49186468831d241582af85f03a36076a7c64b2831baeff51368a
creatives/01_Meta_Brand-Season/MOF_Feed_4x5/4c-still-considering.png,1080x1350,1506519,7836fada0fbe14763ebd5e30a5058b259293ab4b68ef5a641321995da171b69b
creatives/01_Meta_Brand-Season/MOF_Feed_4x5/5b-expert-led-split.png,1080x1350,1103036,3f3dfe203cd59b7aedd9400abbe0d57bda661499f03ace181081ee5ee5a276cc
creatives/01_Meta_Brand-Season/MOF_Feed_4x5/6f-guest-review-quote.png,1080x1350,1556918,e8b7d58b488f51446f2014d7a80c8b3625006022d18c74eee872c1f73d9806ba
creatives/01_Meta_Brand-Season/MOF_Feed_4x5/7d-by-rail-poster.png,1080x1350,1154300,b81c77b8a55ab158b7a04495062694532b327a32a0ddf3071dc76159617ba3e6
creatives/01_Meta_Brand-Season/MOF_Feed_4x5/7e-by-rail-motif.png,1080x1350,1732664,281af39127655c39ee3afc6d2769d53907f340d6e702f0dcf2a4de1822f9256a
creatives/01_Meta_Brand-Season/MOF_Feed_4x5/8c-journey-destination.png,1080x1350,1489285,aba517c807d651c01a8267298509082aec4d9c3b232325a43592eeb4c1a0aa15
creatives/01_Meta_Brand-Season/MOF_Feed_4x5/9d-hillary-poster.png,1080x1350,1146488,342fbef0245967ff0bcbddb8893d020f8eaee794759c4d7cfc3adb4133f83173
creatives/01_Meta_Brand-Season/MOF_Feed_4x5/9f-hillary-quote.png,1080x1350,2059609,15dcb8f7cf51370c47a04e693980cec0fb56cc29760c7a77bc5a0dfa96828235
creatives/01_Meta_Brand-Season/MOF_Feed_1x1/10c-this-time-next-year.png,1080x1080,1729419,c4bf91d363629cdfddb9de7fcca4dd42480e115e2ac9df2aadc743a3e4404ccc
creatives/01_Meta_Brand-Season/MOF_Feed_1x1/1a-inclusions-editorial.png,1080x1080,538486,4281b72caeac0000d14c2c50859e92f8b35b1610cd4ea8caeb44e4fd686d4b04
creatives/01_Meta_Brand-Season/MOF_Feed_1x1/1b-inclusions-split.png,1080x1080,846328,a53b746f961a066a985359bde6905960a07af3d160ff8adb2625b4a089703273
creatives/01_Meta_Brand-Season/MOF_Feed_1x1/2b-booking-split.png,1080x1080,1500243,d31ac5d41e054f716d44ec37a023db96051b9980afbddb4bad8a6063ce37d62e
creatives/01_Meta_Brand-Season/MOF_Feed_1x1/3a-brochure-editorial.png,1080x1080,665168,63c0323e2cdc6e0b104aef40f61110595772009ddf683c089257c96e26d3f949
creatives/01_Meta_Brand-Season/MOF_Feed_1x1/4c-still-considering.png,1080x1080,1329114,ae17bd649aebd0012a52abd09779b3bfa632197a71fd2ff1df4606c79ea65aef
creatives/01_Meta_Brand-Season/MOF_Feed_1x1/5b-expert-led-split.png,1080x1080,826052,e8402099960f4e3ab89fd6b6dee718901f435db2772d3282cc82f8db6b1f8c2a
creatives/01_Meta_Brand-Season/MOF_Feed_1x1/6f-guest-review-quote.png,1080x1080,1308183,c0c03b1e02b986743b4ca99feb13e3f37032bda0f2f64ebcf424745f81af08c9
creatives/01_Meta_Brand-Season/MOF_Feed_1x1/7d-by-rail-poster.png,1080x1080,947548,45d9361a2a83568b38d40c8c29b1f28092f64d8fcd591e753167a68c1f714b53
creatives/01_Meta_Brand-Season/MOF_Feed_1x1/7e-by-rail-motif.png,1080x1080,1328584,1068ddc3d3a39594d18b0e0ec4d5704b863e2a1834ba3fe403df09c74f8cbcd4
creatives/01_Meta_Brand-Season/MOF_Feed_1x1/8c-journey-destination.png,1080x1080,1271031,1ade65fc1faad47954975f3a6b5f93f6291f05a81bbdc46a12d665110fda5d4f
creatives/01_Meta_Brand-Season/MOF_Feed_1x1/9d-hillary-poster.png,1080x1080,706407,2a5d90f21d3cbe147d5a290cba39e5736c59bcb1afd627d9cc5facfe29ff6316
creatives/01_Meta_Brand-Season/MOF_Feed_1x1/9f-hillary-quote.png,1080x1080,1411564,dd5e4f84398c568d6a42daa953e403c37308281682f4fae5c913a1b5a9492868
evidence/patched-exporter-MOFv3-1a.png,1080x1080,800848,6be0c658eda5966e0cc66d57f2a607776a3eebaefaa390ba2ce8dd15bc2f9681
evidence/repro-A-as-is.png,1080x1080,27110,b513f4ae6edd1e8e86d76ed568bc819cbdd500307b2b4b0c8e39012f1ca22140
evidence/repro-B-left0-only.png,1080x1080,27110,b513f4ae6edd1e8e86d76ed568bc819cbdd500307b2b4b0c8e39012f1ca22140
evidence/repro-C-full-override.png,1080x1080,2634138,1e9b17c7a8b26c6a45c8f2f1a3e15014dadf8cb76a5db5f5cca85ce6eb075f51
